<xml>
<document>
<title> A Direction of Migrating Procedural Paradigm to Object Based Architecture by forming Cluster of Functions using Local Search Heuristics </title>
<authors>
<author>
<name> <firstName> Md. Saeed </firstname> <lastname> Siddik </lastname> </name>
<name> <firstName> Alim Ul </firstname> <lastname> Gias </lastname> </name>
<name> <firstName> Md. </firstname> <lastname> Selim </lastname> </name>
<name> <firstName> Shah Mostafa </firstname> <lastname> Khaled </lastname> </name>
<name> <firstName> Kazi </firstname> <lastname> Sakib </lastname> </name>
<Department> Institute of Information Technology </Department>
<University> University of Dhaka, Bangladesh </University>
<mail> siddik.saeed@gmail.com, </mail>
<mail> a.u.gias@ieee.org, </mail>
<mail> selim.iitdu@gmail.com, </mail>
<mail> khaled@univdhaka.edu, </mail>
<mail> sakib@univdhaka.edu </mail>
</author>
</authors>
<article>
Abstract—In contrast to procedural programming, object ori-
tensibility. Some legacy softwares written in procedural languages
phase out of upgrading and support due to an unmanageable
design. This paper proposes two variations of local search based
heuristic to discover clues for object oriented design from the
underlying structure of procedural languages. This has the
potential to help a semi-automated migration of legacy software
to a new object based design. The scheme was applied on three
data instances which were generated from synthetic and real life
software. In terms of optimal cluster finding, results show that
the proposed technique improves 24.714% and 5.66% more than
Greedy and Genetic approaches respectively.
Keywords. Legacy Code, Software Design, Call Graph, Local
Search, Graph Clustering
I. INTRODUCTION
The Object Oriented Paradigm (OOP), the most popular
concept today, divides source codes into packages, name
spaces, hierarchical classes, interfaces, methods, etc. and thus
provides a better readability and manageability. This also
allows a better modularity and extensibility than Procedural
languages (PL) <citationid> [1] </citationid> . Various important software have been
built using PLs, many of which are still in use. In contrast
to OOP, when the code becomes too big, it turns difficult to
find potential areas of change for bug fixing and up-gradation.
Many software developed in PL have phase out of upgrading
and support due to the less manageability of its code. It is
required to migrate these products to an object based design to
make manageable again. One way of such migration is to de-
velop the software from scratch, that involves identification of
objects, attributes, behaviors, defining relations among objects,
and qualifying the objects against requirements specification.
This is a costly process as according to Gartner Group reports,
the cost for manual code conversion can range from $6 -
$26 per LOC and is accomplished at a rate of 160 LOC
per day1. Another way would be a reverse engineering on
the PL code to discover an underlying object based design to
use for migration. It has been stated in <citationid> [2] </citationid>  that restructuring
1Gartner Group study ”Forecasting the Worldwide IT Services Industry:
1999,1”
existing software to object oriented design is more economic
than redesigning the whole software from the scratch.
Design migration is an evergreen problem in software
engineering domain for software maintenance and reuse. Harry
M. Sneed et al. are among the pioneers of software design mi-
gration who presented an approach for automatically extracting
object oriented design documentation from existing COBOL
mainframe programs <citationid> [3] </citationid> . Their work created a ground for
further design migration. An empirical approach for migrating
Structured Programming Code to Object Oriented Design has
been presented in <citationid> [4] </citationid> , however they did not provide any
theoretical proof for hierarchical cluster validity. Recently
three variations of Monte Carlo and two variations of Greedy
approaches are proposed in <citationid> [5] </citationid> , where it has been presented
that the Greedy approach provides the better solution consid-
ering the migration of PLs. However, greedy approaches often
failed to find the optimal result in a problem domain. A genetic
approach has also been presented for finding optimal number
of classes in <citationid> [6] </citationid> . However, the random mutation and cross-
over operation of genetic algorithm may affect to find optimal
clusters for migration.
This paper presents the design migration as a graph clus-
tering problem where the function of procedural languages
are defined as vertex, and the call between two functions are
defined as an edge of the graph <citationid> [5] </citationid> , <citationid> [7] </citationid> , <citationid> [8] </citationid> . The underlying
undirected graph is called call graph which will be used for
searching the optimal cluster. These clusters would be the clue
of a class in object oriented architecture.
Two variations of heuristic algorithms has been presented
in this paper for finding optimal clusters by maximizing intra-
cluster edges and minimizing inter-cluster edges for finding
an optimal number of clusters. The algorithms move from
solutions to solution in the search space by applying local
changes. It takes an initial candidate solution as input and
looks for its neighboring solution with better results. This
procedure has been applied until an optimal solution is found.
In this approach, when iterations cannot improve the result,
the process will be automatically terminated and the current
solution will be published as an optimal solution to the
clustering problem.
3rd INTERNATIONAL CONFERENCE ON INFORMATICS, ELECTRONICS & VISION 2014
978-1-4799-5180-2/14/$31.00 ©2014 IEEE
The assessment involved 3 data instances, 2 of which were
collected from scientific software, and another was syntheti-
cally generated. The number of optimal clusters produced for
those three datasets are 3, 5, and 13, which could be a clue to
design objects. According to the second dataset, the κ-index
(reported in Eq. 1) has increased by 25.714%, and 5.66% than
the value reported in <citationid> [5] </citationid> , and <citationid> [6] </citationid>  respectively. The κ-index of
initial candidate solution and proposed optimal solution is (7,
13), (87, 132), and (257, 353) for those three experimental
data instances.
Rest of the paper is organized as follows: Section II provides
an insight of research conducted on Procedural Programming
to Object Oriented design migration. Section IV presents
the proposed local search algorithm, Section III presented
the problem formulation, Section V depicts the data and
experimental results and Section VI concludes the paper with
future research leads.
II. RELATED WORK
The term design migration is very primitive in the field
of software engineering. A good number of researches have
been done to discover the underlying architectural design of
a program. However, use of the design an existing procedural
program for discovering object oriented architecture is not usu-
ally noticed before. Very few approaches have been proposed
for migrating procedural program in recent years, however
their approaches are in the initial states.
A way around of reducing the search space to opt out
the domain functionality of a program is proposed in <citationid> [9] </citationid> .
The authors have proposed a methodology of filtering certain
functions from the procedural language for sorting out the
domain functionality using the concept of fan in and fan
out. Functions having many fan outs are most likely to be
a controller and having many fan ins are most likely to
implement technical aspects. This concept can be used in
case of complex and large programs to reduce the size of
the search space. However, their work is more specific for
COBOL where the features like scope rules, return types and
parameter passing etc. are absent.
Sneed et al. introduced an automatic migration from code
to design for legacy network workstation program <citationid> [3] </citationid> . Their
work converts a COBOL program to an object oriented design
document. Maqbool et al. utilized hierarchical clustering in the
context of software architecture recovery and modularization
<citationid> [10] </citationid> . They used different well-known clustering algorithms
for producing a software system’s architecture, when only the
source code is being provided. This approach also worked
only for COBOL programs which can not solve the migration
problem of other procedural programs.
Hossain et al. presented an analytical report on design
structure matrix of open source scientic computing software
<citationid> [11] </citationid> . They used a number of architectural complexity metrics
and DSM technique to analyze the design structure. Their
analysis involved Linear Programming (LP) and Mixed In-
teger Programming (MIP). They have used DSM to present
functions that are explicitly implemented in the software
under consideration (denoted as user function) and functions
that are part of software libraries. Those DSM qualities are
measured by characteristic path length, clustering co-efficient,
nodal degree, strongly connected components and propagation
cost <citationid> [12] </citationid> . Those DSM techniques can be used to present a
procedural program to a graph, and measurements indices
would play the vital role to measure any cluster accuracy.
Graph clustering has been used by Yakovlev for component
boundary detection in <citationid> [13] </citationid> . Dineshkumar et al. <citationid> [4] </citationid>  presented
an empirical approach for migrating Structured Programming
Code to Object Oriented Design applying a new technique
for code to design migration, which creates agglomerative
cluster using Jaccard distance matrices. Their work did not
provide any theoretical proof for hierarchical cluster validity
and migration accuracy.
Saeed et at. modeled the PL to OOP migration problem
as an optimal graph clustering problem which has been
proved as computationally hard <citationid> [5] </citationid> , <citationid> [15] </citationid> . They developed
certain heuristic algorithms based on Monte Carlo and Greedy
approaches and formulated the (κ) index for measuring the
quality of a cluster. Moreover the clustering coefficient (Ψ)
and characteristic path length (χ) was used for assessing the
cluster quality. However, greedy algorithms mostly fail to find
the globally optimal solution, because those algorithms usually
do not operate with all possible solutions.
Selim et al. reported the design migration approach from PL
to OOP using genetic algorithm based meta-heuristic approach
<citationid> [6] </citationid> . They executed their defined fitness calculation, parent
selection, crossing over, and mutation function iteratively until
an optimal cluster is found. This approach generates better
result than the greedy approach but is a quite time consuming
process. Moreover, a random number õ(v) is assigned to each
vertex v ∈ V in mutation and cross-over operations, that can
misdirect the optimal solution. Because the random approach
can generate any number which may affect the final goal of
finding optimal cluster.
Research on migrating several legacy program to modern
technologies are still going on but migrating procedural pro-
gram to object oriented program is not usually mentioned
before. Although very few researches have been done in this
field, but those processes have considerable less accuracy for
large scale data set.
III. PROBLEM MODEL FOR DESIGN MIGRATION
Design migration problem can be represented as an optimal
graph clustering as formalized in authors’ previous work <citationid> [5] </citationid> 
with G(V,E) as the underlying undirected graph of a call
graph, V and E as the set of vertices n = |V |, and edges
m = |E| respectively. It is assumed variables xe and ye
corresponding to each edge e ∈ E, Cv corresponding to each
vertex v ∈ V . The variables are defined as follows: xe = 1
and ye = 0 if e is an intra-cluster edge, xe = 0 and ye = 1
otherwise. Cj = 1 if vertex j is head of a cluster, 0 otherwise.
Variable zkl = 1 if vertex k belongs to cluster l, 0 otherwise.
The problem of maximizing intra-cluster edges, minimizing
inter-cluster edges, and maximizing the number of clusters
3rd INTERNATIONAL CONFERENCE ON INFORMATICS, ELECTRONICS & VISION 2014
978-1-4799-5180-2/14/$31.00 ©2014 IEEE
was formulated as Eq. 1. This is used as an index to measure
quality of a clustering.
Max κ =
∑
i
xi −
∑
i
yi +
∑
j
| Cj |, ∀i=1..m, j=1..n (1)
The formulation has 4 constraints. xi + yi = 1,∀i=1,2,...,m
ensured that an edge can be either intra- or inter-cluster.∑n
l=1 zkl = 1,∀k=1,2,...,n ensured that each vertex must be-
long to one cluster.
∑n
l=1 zkal ·zkbl = x(a,b),∀(a,b)∈E ensured
that an intra-cluster edge had its both endpoints belonging
to the same cluster. Cl =
⋃
k zkl,∀k=1,2,...,n defined Cl as
a cluster head if any vertex belonged to it. This problem has
been proved as a computationally hard optimization problem in
<citationid> [15] </citationid> . The optimal solution to this problem cannot be found in
polynomial time as the solution space increases exponentially.
IV. PROPOSED HEURISTIC ALGORITHMS
This paper presents two different variations of algorithms to
solve the discussed optimal graph clustering problem. Those
algorithms are developed based on local search heuristic but
they differ in terms of working principle. Proposed search
algorithms move from solution to solution in the search space
by applying local changes. Searching starts from an initial
solution seed and iterates exploring the solution spaces, using
the moves or updates associated to the neighborhood defini-
tion. As soon a better neighboring solution is found, the search
moves to that solution. Those algorithms will be executed
until the final optimal solution is found. The whole algorithm
process has been divided into three different steps: Initial seed
selection, LocalSearch framework and Update solution. These
steps are discussed in the following subsections.
A. Initial Solution
The proposed local search scheme builds a solution step
by step based on an initial solution seed. In this approach
the initial solution is developed using the greedy approach
presented in <citationid> [5] </citationid> . Greedy is an approach that follows the
problem solving heuristic of making the locally optimal choice
at each stage with the hope of finding a global optimum
<citationid> [20] </citationid> . Angel-Bello et al. <citationid> [21] </citationid>  claimed that in many problems,
a greedy strategy does not in general produce an optimal
solution, but nonetheless a greedy heuristic may yield locally
optimal solutions that approximate a global optimal solution
in a reasonable time.
Algorithm 1 presents a greedy algorithm which will provide
the initial seed of local search. All the vertex v ∈ V have been
decreasingly ordered based on vertex degree. Vertex degree is
the number of connected vertices of any single vertex. This
algorithm skips the in-degree, and out-degree concept, it just
counts the connection of a vertex.
The algorithm picks the latest vertex of ordered list and
find the adjacent cluster to allocate the vertex. If no adjacent
cluster has been found, it creates a new cluster and allocates
that vertex to it. This process will be continued until all the
vertices have been processed. After processing all the vertices,
Algorithm 1 Greedy Algorithm for Initial Solution
Input: Call Graph G = (V,E)
Output: Clustering C, (κ), Clustering Coefficient(Ψ), Char-
acteristics Path Length (χ)
1: Begin
2: ν ← V
3: for each vertex v ∈ ν in decreasing order of vertex degree
do
4: if (v, ui) ∈ E and ui ∈ Cj : for any i = 1...|V |, j =
1...|C| then
5: Cj ← Cj ∪ {v}
6: else
7: Create new cluster Ck
8: Ci ← Ci ∪ {v}
9: end if
10: ν ← ν \ {v}
11: end for
12: End
a new set of clusters will be generated for initial seed for the
local search.
B. Finding optimal result without creating new cluster
Algorithm 2, 4 present two variations of local search heuris-
tic for solving the design migration problem. Those algorithms
take a Call Graph G = (V,E) as the search space. Local
Search algorithm should have an initial solution seed Cinit to
start with neighbor solution. As mentioned earlier, Algorithm
1 provides an initial solution Cinit for proposed local search
algorithm. Algorithm 2 refers framework for first variation
of proposed local search heuristic. It usages algorithm 3 for
update solution.
Algorithm 2 LocalSearch-1
Input: An initial solution Cinit
Output: Local Optimal Solution CLocOpt better or equal to
Cinit
1: Begin
2: C ← Cinit
3: repeat
4: CLocOpt ← UpdateSolution(C)
5: if κ(CLocOpt) ≥ κ(C) then
6: C ← CLocOpt
7: end if
8: until no update made over x iteration of loop
9: CLocOpt ← C
10: return CLocOpt
11: End
Algorithm 3 presents the update solution techniques of
proposed local search algorithm. In every steps of local search
this update solution function will be executed. This function
takes an initial solution and produce an optimal solution.
Searching neighbor solution version 1 is executed by Algo-
rithm 3 where a Solution C is taken as input. Every clusters
3rd INTERNATIONAL CONFERENCE ON INFORMATICS, ELECTRONICS & VISION 2014
978-1-4799-5180-2/14/$31.00 ©2014 IEEE
Algorithm 3 UpdateSolution-1
Input: Solution C
Output: Best feasible solution C
1: Begin
2: Select a temp solution C′ ← C
3: for each Ci ∈ C′, C′ ⊆ C and i = 1, 2, ...|C|) do
4: for each cij ∈ Ci, j = 1, 2, ...|Ci| do
5: Ci ← Ci \ cij
6: for each C′i ∈ C \ Ci do
7: C′i ← C′i ∪ cij
8: if κ(C′) ≥ κ(C) then
9: return C′
10: else
11: C′i ← C′i \ cij
12: end if
13: end for
14: end for
15: end for
16: return C
Ci ∈ C′ has been updated where C is a temporal solution
C′ ← C. Each and every vertex has been temporary assigned to
every cluster and the best cluster which can produce the largest
κ-Index (Eq.1) is picked. This process will be executed without
creating new clusters. The UpdateSolution function returns the
new neighbor candidate solution when κ(C′) ≥ κ(C).
C. Finding optimal result with creating new cluster
Algorithm 4 presents the second local search heuristic for
solving the design migration problem. This algorithm takes
a call graph G = (V,E) and an initial solution seed Cinit
generated from <citationid> [5] </citationid> . In one step the algorithm searches over
its neighbors and moves to a neighboring solution whenever
it finds a better one. This searching process stops when no
update made over a consequent round of loop.
In one step the algorithm searches over its neighbors in the
solution space, and moves to a neighboring solution whenever
it finds a better one, solution has been updated by the new
one C ← CnewLocOpt. If the value of new κ is larger or equal
to the previous one, than the solution is updated with the new
solution. This searching process stops when no update made
over a consecutive round of loop. It uses Alg. 5 to update it’s
solution.
Searching neighboring solution version 2 is presented in
Alg. 5. Every clusters Ci ∈ C′ has been updated where C is
a temporal solution C′ ← C. This solution is updated when
the value of κ-index (Eq. 1) has been improved. This process
will be executed with creating new clusters if it needed. The
UpdateSolution function returns the new neighbor candidate
solution when it finds a better one.
V. EXPERIMENTAL SETUP AND RESULTS
Proposed local search heuristic algorithm has been imple-
mented using C++ programming language on a 32-bit Ubuntu
12.04 Operating System, 2.1 GHz Dual Core processor, 1 GB
Algorithm 4 LocalSearch-2
Input: An initial solution Cinit
Output: Local Optimal Solution CLocOpt better or equal to
Cinit
1: Begin
2: C ← Cinit
3: repeat
4: for each Cluster Cj ∈ C in decreasing order of inter
cluster edge degree do
5: vchosen ← vertex with lowest edge connection
6: CLocOpt ← UpdateSolution(C, vchosen)
7: if kal(CLocOpt) ≥ kal(C) then
8: C ← CLocOpt
9: else
10: no change
11: end if
12: end for
13: until no update made over x iteration of loop
14: CLocOpt ← C
15: return CLocOpt
16: End
Algorithm 5 UpdateSolution-2
Input: Solution C and iteration-number
Output: Best feasible solution C in neighborhood
1: Begin
2: Select a temp solution C′ ← C
3: for each Ci ∈ C′, C′ ⊆ C and i = 1, 2, ...|C|) do
4: for each cij ∈ Ci, j = 1, 2, ...|Ci| do
5: Ci ← Ci \ cij
6: for each C′i ← C \ Ci do
7: C′i ← C′i ∪ cij
8: if κ(C′) ≥ κ(C) then
9: Create new cluster Ck
10: C′temp ← C′ ∪ Ck
11: if κ(C′) ≥ κ(C′temp) then
12: return C′
13: else
14: return C′temp
15: end if
16: end if
17: end for
18: end for
19: end for
20: return C
21: End
3rd INTERNATIONAL CONFERENCE ON INFORMATICS, ELECTRONICS & VISION 2014
978-1-4799-5180-2/14/$31.00 ©2014 IEEE
TABLE I
NUMBER OF VERTICES AND EDGES OF EXPERIMENTAL DATASET
Dataset Number of Vertices Number of edges
BTF 14 31
RBIo 61 372
Synthetic166 166 450
TABLE II
NUMBER OF CLUSTERS PRODUCED BY PROPOSED HEURISTICS
Dataset MC Greedy Genetic LS-1 LS-2
BTF 3 4 4 3 4
RBIo 7 5 5 5 4
Synthetic166 23 12 12 11 13
RAM computer. Three different datasets <citationid> [5] </citationid>  have been used to
experiment of proposed algorithms. Datasets named BTF and
RBIo were generated from two different scientific software
<citationid> [11] </citationid>  and dataset Synthetic166 was synthetically generated.
Table-I describes the data set in terms of the number of user
defined functions and function calls.
Table-II presents the number of clusters generated by pro-
posed algorithms where the clusters would be the classes or
interfaces in object oriented design. The proposed algorithms
can change the number of clusters from the initial seed with
enhancing the solution quality. In the context of proposed Alg.
2, there are 4, 8, and 13 clusters were obtained by using the
proposed algorithm for dataset BTF, RBIo, and Synthetic166
respectively.
Results obtained by applying Algorithm 2 and 4 on exper-
iment datasets are presented in Table-III with the comparison
of MonteCarlo, Greedy, and Genetic algorithm. Fig. 1 presents
a graphical representation of clustering coefficient <citationid> [12] </citationid> , char-
acteristic path length <citationid> [12] </citationid> , and κ index. Here star (∗) symbol
refers to the score of the initial seed and cross (×) symbol
represent result obtained by proposed algorithm.
Fig. 2 and 3 present the gradual improvement done by
proposed localsearch variation 1, and 2 algorithm respectively
on dataset RBIo. The κ-index score of initial seed was 49, it
improved over the next 43 iterations of the algorithm to a score
 20
 40
 60
 80
 100
 120
 140
 0  1  2  3  4  5  6  7  8  9  10  11  12  13  14  15  16  17  18  19  20  21  22  23  24  25  26  27  28
K
a
l 
in
d
e
x
 r
e
s
u
lt
Local Search Iterarion
local search rbio
Fig. 2. Improvement results of every iteration (κ) on RBIo using Algorithm
version 2
 20
 40
 60
 80
 100
 120
 140
 0  1  2  3  4  5  6  7  8  9  10  11  12  13  14  15  16  17  18  19  20  21  22  23  24  25  26  27  28
K
a
l 
in
d
e
x
 r
e
s
u
lt
Local Search Iterarion
local search rbio
Fig. 3. Improvement results of every iteration (κ) on RBIo using Algorithm
version 1
 0
 20
 40
 60
 80
 100
 120
 140
MC Greedy Genetic LS-1 LS-2
K
al
 I
n
d
ex
Fig. 4. Comparison results of (κ) on RBIo using different approaches
of 115, and 126. Since the score did not improve over next 4
iterations, it has been reported as the best possible solution.
Fig. 4 presents the comparison of average scores of Monte
Carlo based algorithms and scores of Greedy approaches
<citationid> [5] </citationid>  with the scores obtained by proposed algorithm results.
Sign (∗), (×), (+), (♦), and () denotes the (κ) index of
Monte Carlo, Greedy, Genetic Algorithm, and Local Search
Algorithm of dataset RBIo. This figure indicates that proposed
algorithm variation 2 produces significantly better result than
the Monte Carlo, Greedy algorithms, and Genetic Algorithm.
VI. CONCLUSION AND FUTURE WORK
This paper presents a design migration problem from legacy
procedural code to object oriented paradigm. The problem
has been presented by a graph clustering integer program-
ming model and its computational hardness was established.
Two different variations of local search heuristic have been
proposed as a solution to the formulated problem. Those
algorithms have been tested against real-life and synthetic
data. Results show that the proposed algorithm can produce
25.714%, and 5.66% better result than the genetic approach
presented in <citationid> [6] </citationid> , and the greedy algorithm presented in <citationid> [5] </citationid> .
Variable Neighborhood Search based on proposed local
search looks very promising as the next research step since
3rd INTERNATIONAL CONFERENCE ON INFORMATICS, ELECTRONICS & VISION 2014
978-1-4799-5180-2/14/$31.00 ©2014 IEEE
TABLE III
PERFORMANCE OF LOCAL SEARCH ALGORITHM ON DIFFERENT DATASETS
Dataset Kal Index (κ) Run Time (Microseconds)
Seed LS-1 GA LS-2 Seed LS-1 GA LS-2
BTF 5 9 12 13 1193 3193 4256 3069
RBIo 49 77 115 126 42238 1530115 1710620 1579720
Synth166 263 133 353 428 67290 7043620 8210395 61193419
 0.25
 0.3
 0.35
 0.4
 0.45
BTF RBIo Synthetic166
C
lu
st
er
in
g
 C
o
-e
ff
ic
ie
n
t
(a) Clustering Coefficient(Ψ)
 0.4
 0.6
 0.8
 1
 1.2
 1.4
 1.6
 1.8
 2
BTF RBIo Synthetic166
C
h
ar
ac
te
ri
st
ic
 P
at
h
 L
en
g
th
(b) Characteristics Path Length(χ)
 0
 50
 100
 150
 200
 250
 300
 350
BTF RBIo Synthetic166
K
A
L
 I
n
d
ex
(c) κ index (κ)
Fig. 1. Local Search Algorithm on BTF, RBIo and synthetic166
local search heuristic performed better than the meta-heuristic
<citationid> [6] </citationid> . The κ-index may be translated with respect to its lowest
possible value and scaled with respect to its highest value to
produce a score between (0, 1). This index may be used to
numerically measure modularity of an object oriented design.
ACKNOWLEDGMENT
This research has been conducted by IITDU Optomozation
Research Group2. It is partially supported by The University
Grant Commission, Bangladesh under the Dhaka University
Teachers Research Grant No-Regi/Admn-3/2012-2013/13190.
Our sincere gratitude to Dr. Shahadat Hossain of Dept. Math
& Computer Science, Univ. of Lethbridge, AB, Canada for
presenting this problem to us. Thanks to Mr. Tahsin Zulkarnine
of Commerx Corporation, Calgary, AB, Canada for providing
experimental data.
</article>
<reference>
<citationid> [1] </citationid>
<authors>
<name> <firstName> J. </firstname> <lastname> Rumbaugh </lastname> </name>
<name> <firstName> M. </firstname> <lastname> Blaha </lastname> </name>
<name> <firstName> W. </firstname> <lastname> Premerlani </lastname> </name>
<name> <firstName> F. </firstname> <lastname> Eddy </lastname> </name>
<name> <firstName> W. E. Lorensen et </firstname> <lastname> al. </lastname> </name>
<name> <firstName> Object-oriented </firstname> <lastname> modeling  </lastname> </name>
<name> </firstname> <lastname> design </lastname> </name>
</authors>
<book> Prentice hall Englewood Cliffs (NJ), 1991, vol. </book>
<publisher> 199, no. 1. </publisher>
<citationid> [2] </citationid>
<authors>
<name> <firstName> S. </firstname> <lastname> Pidaparthi  </lastname> </name>
<name> <firstName> G. </firstname> <lastname> Cysewski </lastname> </name>
</authors>
<book> “Case study in migration to object- oriented system structure using design transformation methods,”. </book>
<publisher> IEEE, 1997, pp. 128–135. </publisher>
<citationid> [3] </citationid>
<authors>
<name> <firstName> H. M. </firstname> <lastname> Sneed  </lastname> </name>
<name> <firstName> E. </firstname> <lastname> Nyary </lastname> </name>
</authors>
<paper> “Extracting object-oriented specification from procedurally oriented programs,” </paper>
<conference> in Reverse Engineering, 1995., Proceedings of 2nd Working Conference on. IEEE, 1995, pp. 217–226.  </conference>
<citationid> [4] </citationid>
<authors>
<name> <firstName> V. </firstname> <lastname> Dineshkumar  </lastname> </name>
<name> <firstName> J. </firstname> <lastname> Deepika </lastname> </name>
</authors>
<article> “Code to design migration from struc- tured to object oriented paradigm,” </article>
<journal> International Journal of Information and Communication Technology Research, vol. 1, 2011. </journal>
<citationid> [5] </citationid>
<authors>
<name> <firstName> S. </firstname> <lastname> Siddik </lastname> </name>
<name> <firstName> A. U. </firstname> <lastname> Gias </lastname> </name>
<name> <firstName> S. M. </firstname> <lastname> Khaled </lastname> </name>
</authors>
<paper> “Optimizing software design migration from structured programming to object oriented paradigm,” </paper>
<conference> in 16th International Conference on Computer and Information Technology. Khulna University, bangladesh: IEEE, 2014, pp. 1–6.  </conference>
<citationid> [6] </citationid>
<authors>
<name> <firstName> M. </firstname> <lastname> Selim </lastname> </name>
<name> <firstName> S. </firstname> <lastname> Siddik </lastname> </name>
<name> <firstName> G. Alim </firstname> <lastname> Ul </lastname> </name>
<name> <firstName> M. A. </firstname> <lastname> Wadud </lastname> </name>
<name> <firstName> S. M. </firstname> <lastname> Khaled </lastname> </name>
</authors>
<paper> “Optimizing software design migration from structured programming to object oriented paradigm,” </paper>
<conference> in 8th International Conference on Computer Engineering and Application (CEA 2014). Spain, January 2014, pp. 187–192. 2https://sites.google.com/site/iitduoptimization/home  </conference>
<citationid> [7] </citationid>
<authors>
<name> <firstName> S. E. </firstname> <lastname> Schaeffer </lastname> </name>
</authors>
<article> “Graph clustering,” </article>
<journal> Computer Science Review, vol. 1, no. 1, pp. 27–64, 2007. </journal>
<citationid> [8] </citationid>
<authors>
<name> <firstName> Y. </firstname> <lastname> Terashima  </lastname> </name>
<name> <firstName> K. </firstname> <lastname> Gondow </lastname> </name>
</authors>
<article> “Static call graph generator for c++ using debugging information,” </article>
<journal> in Software Engineering Conference, 2007. APSEC 2007. 14th Asia-Pacific. IEEE, 2007, pp. 127–134. </journal>
<citationid> [9] </citationid>
<authors>
<name> <firstName> A. Van </firstname> <lastname> Deursen  </lastname> </name>
<name> <firstName> T. </firstname> <lastname> Kuipers </lastname> </name>
</authors>
<article> “Identifying objects using cluster and concept analysis,” </article>
<journal> in Proceedings of International conference on Software engineering. ACM, 1999, pp. 246–255. </journal>
<citationid> [10] </citationid>
<authors>
<name> <firstName> O. </firstname> <lastname> Maqbool  </lastname> </name>
<name> <firstName> H. A. </firstname> <lastname> Babri </lastname> </name>
</authors>
<article> “Hierarchical clustering for software architecture recovery,” </article>
<journal> Software Engineering, IEEE Transactions on, vol. 33, no. 11, pp. 759–780, 2007. </journal>
<citationid> [11] </citationid>
<authors>
<name> <firstName> S. </firstname> <lastname> Hossain  </lastname> </name>
<name> <firstName> A. T. </firstname> <lastname> Zulkarnine </lastname> </name>
</authors>
<article> “Design structure of scientific software–a case study,” </article>
<journal> in Invest on Visualization-Proceedings of the 13th International DSM Conference. IEEE, 2011, pp. 129–141. </journal>
<citationid> [12] </citationid>
<authors>
<name> <firstName> D. </firstname> <lastname> Braha  </lastname> </name>
<name> <firstName> Y. </firstname> <lastname> Bar-Yam </lastname> </name>
</authors>
<article> “The statistical mechanics of complex product development: empirical and analytical results,” </article>
<journal> Management Science, vol. 53, no. 7, pp. 1127–1145, 2007. </journal>
<citationid> [13] </citationid>
<authors>
<name> <firstName> V. </firstname> <lastname> Yakovlev </lastname> </name>
</authors>
<article> “Cluster analysis of object oriented programs,” </article>
<journal> Master’s thesis, Massey University, Palmerston North, New Zealand, 2009. </journal>
<citationid> [14] </citationid>
<authors>
<name> <firstName> M. </firstname> <lastname> Trudel </lastname> </name>
<name> <firstName> C. A. </firstname> <lastname> Furia </lastname> </name>
<name> <firstName> M. </firstname> <lastname> Nordio </lastname> </name>
<name> <firstName> B. </firstname> <lastname> Meyer </lastname> </name>
<name> <firstName> M. </firstname> <lastname> Oriol </lastname> </name>
</authors>
<paper> “C to OO translation: Beyond the easy stuff,” </paper>
<conference> in Working Conference on Reverse Engineering (WCRE). IEEE, 2012, pp. 19–28.  </conference>
<citationid> [15] </citationid>
<authors>
<name> <firstName> M. </firstname> <lastname> Selim </lastname> </name>
</authors>
<article> “A genetic algorithm for design migration from structured lan- guage to object oriented paradigm,” </article>
<journal> Institute of Information Technology, University of Dhaka, Bangladesh, Tech. Rep., 2013. </journal>
<citationid> [16] </citationid>
<authors>
<name> <firstName> E. E. H. </firstname> <lastname> Aarts  </lastname> </name>
<name> <firstName> J. K. </firstname> <lastname> Lenstra </lastname> </name>
</authors>
<book> Princeton University Press, 1997. </book>
<publisher> </publisher>
<citationid> [17] </citationid>
<authors>
<name> <firstName> P. </firstname> <lastname> Brucker </lastname> </name>
<name> <firstName> J. </firstname> <lastname> Hurink </lastname> </name>
<name> <firstName> F. </firstname> <lastname> Werner </lastname> </name>
</authors>
<article> “Improving local search heuristics for some scheduling problemsi,” </article>
<journal> Discrete Applied Mathematics, vol. 65, no. 1, pp. 97–122, 1996. </journal>
<citationid> [18] </citationid>
<authors>
<name> <firstName> T. van </firstname> <lastname> Laarhoven  </lastname> </name>
<name> <firstName> E. </firstname> <lastname> Marchiori </lastname> </name>
</authors>
<article> “Graph clustering with local search optimization: The resolution bias of the objective function matters most,” </article>
<journal> Physical Review E, vol. 87, no. 1, p. 012812, 2013. </journal>
<citationid> [19] </citationid>
<authors>
<name> <firstName> M. R. </firstname> <lastname> Korupolu </lastname> </name>
<name> <firstName> C. G. </firstname> <lastname> Plaxton </lastname> </name>
<name> <firstName> R. </firstname> <lastname> Rajaraman </lastname> </name>
</authors>
<article> “Analysis of a local search heuristic for facility location problems,” </article>
<journal> in Proceedings of the ninth annual ACM-SIAM symposium on Discrete algorithms. Society for Industrial and Applied Mathematics, 1998, pp. 1–10. </journal>
<citationid> [20] </citationid>
<authors>
<name> <firstName> P. E. </firstname> <lastname> Black </lastname> </name>
<name> <firstName> Dictionary of </firstname> <lastname> algorithms  </lastname> </name>
<name> <firstName> data </firstname> <lastname> structures </lastname> </name>
</authors>
<book> National Institute of Standards and Technology(NIST), 2004. </book>
<publisher> </publisher>
<citationid> [21] </citationid>
<authors>
<name> <firstName> F. R. </firstname> <lastname> Angel-Bello </lastname> </name>
<name> <firstName> J. L. </firstname> <lastname> Gonzalez-Velarde </lastname> </name>
<name> <firstName> A. M. </firstname> <lastname> Alvarez </lastname> </name>
</authors>
<article> “Greedy randomized adaptive search procedures,” </article>
<journal> in Metaheuristic Procedures for Training Neutral Networks. Springer, 2006, pp. 207–223. 3rd INTERNATIONAL CONFERENCE ON INFORMATICS, ELECTRONICS & VISION 2014 978-1-4799-5180-2/14/$31.00 ©2014 IEEE </journal>
</reference>
</document>
</xml>
